Ticker symbol,Security,SEC filings,GICS Sector,GICS Sub Industry,Address of Headquarters,Date first added,CIK,
MMM,3M Company,reports,Industrials,Industrial Conglomerates,St. Paul, Minnesota,,0000066740,/wiki/3M
ABT,Abbott Laboratories,reports,Health Care,Health Care Equipment & Services,North Chicago, Illinois,,0000001800,/wiki/Abbott_Laboratories
ABBV,AbbVie,reports,Health Care,Pharmaceuticals,North Chicago, Illinois,2012-12-31,0001551152,/wiki/AbbVie
ACN,Accenture plc,reports,Information Technology,IT Consulting & Other Services,Dublin, Ireland,2011-07-06,0001467373,/wiki/Accenture_plc
ATVI,Activision Blizzard,reports,Information Technology,Home Entertainment Software,Santa Monica, California,2015-08-31,0000718877,/wiki/Activision_Blizzard
ADBE,Adobe Systems Inc,reports,Information Technology,Application Software,San Jose, California,,0000796343,/wiki/Adobe_Systems_Inc
ADT,ADT Corp,reports,Industrials,Diversified Commercial Services,Boca Raton, Florida,2012-10-01,0001546640,/wiki/ADT_Corp
AAP,Advance Auto Parts,reports,Consumer Discretionary,Automotive Retail,Roanoke, Virginia,2015-07-09,0001158449,/wiki/Advance_Auto_Parts
AES,AES Corp,reports,Utilities,Independent Power Producers & Energy Traders,Arlington, Virginia,,0000874761,/wiki/AES_Corp
AET,Aetna Inc,reports,Health Care,Managed Health Care,Hartford, Connecticut,1976-06-30,0001122304,/wiki/Aetna_Inc
AFL,AFLAC Inc,reports,Financials,Life & Health Insurance,Columbus, Georgia,,0000004977,/wiki/AFLAC_Inc
AMG,Affiliated Managers Group Inc,reports,Financials,Asset Management & Custody Banks,Beverly, Massachusetts,2014-07-01,0001004434,/wiki/Affiliated_Managers_Group_Inc
A,Agilent Technologies Inc,reports,Health Care,Health Care Equipment & Services,Santa Clara, California,,0001090872,/wiki/Agilent_Technologies_Inc
GAS,AGL Resources Inc.,reports,Utilities,Gas Utilities,Atlanta, Georgia,2011-12-13,0001004155,/wiki/AGL_Resources_Inc.
APD,Air Products & Chemicals Inc,reports,Materials,Industrial Gases,Allentown, Pennsylvania,1985-04-30,0000002969,/wiki/Air_Products_%26_Chemicals_Inc
ARG,Airgas Inc,reports,Materials,Industrial Gases,Radnor, Pennsylvania,2009-09-09,0000804212,/wiki/Airgas_Inc
AKAM,Akamai Technologies Inc,reports,Information Technology,Internet Software & Services,Cambridge, Massachusetts,2007-07-12,0001086222,/wiki/Akamai_Technologies_Inc
AA,Alcoa Inc,reports,Materials,Aluminum,New York, New York,,0000004281,/wiki/Alcoa_Inc
AGN,Allergan plc,reports,Health Care,Pharmaceuticals,Dublin, Ireland,,0000884629,/wiki/Allergan
ALXN,Alexion Pharmaceuticals,reports,Health Care,Biotechnology,Cheshire, Connecticut,2012-05-25,0000899866,/wiki/Alexion_Pharmaceuticals
ALLE,Allegion,reports,Industrials,Building Products,Dublin, Ireland,2013-12-02,0001579241,/wiki/Allegion
ADS,Alliance Data Systems,reports,Information Technology,Data Processing & Outsourced Services,Plano, Texas,2013-12-23,0001101215,/wiki/Alliance_Data_Systems
ALL,Allstate Corp,reports,Financials,Property & Casualty Insurance,Northfield Township, Illinois,,0000899051,/wiki/Allstate_Corp
GOOGL,Alphabet Inc Class A,reports,Information Technology,Internet Software & Services,Mountain View, California,2014-04-03,0001288776,/wiki/Alphabet_Inc_Class_A
GOOG,Alphabet Inc Class C,reports,Information Technology,Internet Software & Services,Mountain View, California,,0001288776,/wiki/Alphabet_Inc_Class_C
MO,Altria Group Inc,reports,Consumer Staples,Tobacco,Richmond, Virginia,,0000764180,/wiki/Altria_Group_Inc
AMZN,Amazon.com Inc,reports,Consumer Discretionary,Internet Retail,Seattle, Washington,2005-11-18,0001018724,/wiki/Amazon.com_Inc
AEE,Ameren Corp,reports,Utilities,MultiUtilities,St. Louis, Missouri,1991-09-19,0001002910,/wiki/Ameren_Corp
AAL,American Airlines Group,reports,Industrials,Airlines,Fort Worth, Texas,2015-03-23,0000006201,/wiki/American_Airlines_Group
AEP,American Electric Power,reports,Utilities,Electric Utilities,Columbus, Ohio,,0000004904,/wiki/American_Electric_Power
AXP,American Express Co,reports,Financials,Consumer Finance,New York, New York,1976-06-30,0000004962,/wiki/American_Express_Co
AIG,American International Group, Inc.,reports,Financials,Property & Casualty Insurance,New York, New York,1980-03-31,0000005272,/wiki/American_International_Group
AMT,American Tower Corp A,reports,Financials,Specialized REITs,Boston, Massachusetts,2007-11-19,0001053507,/wiki/American_Tower_Corp_A
AWK,American Water Works Company Inc,reports,Utilities,Water Utilities,Voorhees, New Jersey,2016-03-04,0001410636,/wiki/American_Water_(company)
AMP,Ameriprise Financial,reports,Financials,Diversified Financial Services,Minneapolis, Minnesota,,0000820027,/wiki/Ameriprise_Financial
ABC,AmerisourceBergen Corp,reports,Health Care,Health Care Distribution & Services,Chesterbrook, Pennsylvania,,0001140859,/wiki/AmerisourceBergen_Corp
AME,Ametek,reports,Industrials,Electrical Components & Equipment,Berwyn, Pennsylvania,2013-09-23,0001037868,/wiki/Ametek
AMGN,Amgen Inc,reports,Health Care,Biotechnology,Thousand Oaks, California,1992-01-02,0000318154,/wiki/Amgen_Inc
APH,Amphenol Corp A,reports,Industrials,Electrical Components & Equipment,Wallingford, Connecticut,2008-09-30,0000820313,/wiki/Amphenol_Corp_A
APC,Anadarko Petroleum Corp,reports,Energy,Oil & Gas Exploration & Production,The Woodlands, Texas,,0000773910,/wiki/Anadarko_Petroleum
ADI,Analog Devices, Inc.,reports,Information Technology,Semiconductors,Norwood, Massachusetts,,0000006281,/wiki/Analog_Devices
AON,Aon plc,reports,Financials,Insurance Brokers,London, United Kingdom,,0000315293,/wiki/Aon_plc
APA,Apache Corporation,reports,Energy,Oil & Gas Exploration & Production,Houston, Texas,,0000006769,/wiki/Apache_Corporation
AIV,Apartment Investment & Mgmt,reports,Financials,REITs,Denver, Colorado,,0000922864,/wiki/Apartment_Investment_%26_Mgmt
AAPL,Apple Inc.,reports,Information Technology,Computer Hardware,Cupertino, California,1982-11-30,0000320193,/wiki/Apple_Inc.
AMAT,Applied Materials Inc,reports,Information Technology,Semiconductor Equipment,Santa Clara, California,,0000006951,/wiki/Applied_Materials_Inc
ADM,Archer-Daniels-Midland Co,reports,Consumer Staples,Agricultural Products,Decatur, Illinois,1981-07-29,0000007084,/wiki/Archer-Daniels-Midland_Co
AIZ,Assurant Inc,reports,Financials,Multi-line Insurance,New York, New York,2007-04-10,0001267238,/wiki/Assurant_Inc
T,AT&T Inc,reports,Telecommunications Services,Integrated Telecommunications Services,Dallas, Texas,1983-11-30,0000732717,/wiki/AT%26T_Inc
ADSK,Autodesk Inc,reports,Information Technology,Application Software,San Rafael, California,1989-12-01,0000769397,/wiki/Autodesk_Inc
ADP,Automatic Data Processing,reports,Information Technology,Internet Software & Services,Roseland, New Jersey,1981-03-31,0000008670,/wiki/Automatic_Data_Processing
AN,AutoNation Inc,reports,Consumer Discretionary,Specialty Stores,Fort Lauderdale, Florida,,0000350698,/wiki/AutoNation_Inc
AZO,AutoZone Inc,reports,Consumer Discretionary,Specialty Stores,Memphis, Tennessee,,0000866787,/wiki/AutoZone_Inc
AVGO,Avago Technologies,reports,Information Technology,Semiconductors,San Jose, California,2014-05-08,0001441634,/wiki/Avago_Technologies
AVB,AvalonBay Communities, Inc.,reports,Financials,Residential REITs,Arlington, Virginia[3],2007-01-10,0000915912,/wiki/AvalonBay_Communities,_Inc.
AVY,Avery Dennison Corp,reports,Materials,Paper Packaging,Glendale, California,1987-12-31,0000008818,/wiki/Avery_Dennison_Corp
BHI,Baker Hughes Inc,reports,Energy,Oil & Gas Equipment & Services,Houston, Texas,,0000808362,/wiki/Baker_Hughes_Inc
BLL,Ball Corp,reports,Materials,Metal & Glass Containers,Broomfield, Colorado,1984-10-31,0000009389,/wiki/Ball_Corp
BAC,Bank of America Corp,reports,Financials,Banks,Charlotte, North Carolina,1976-06-30,0000070858,/wiki/Bank_of_America_Corp
BK,The Bank of New York Mellon Corp.,reports,Financials,Banks,New York, New York,,0001390777,/wiki/The_Bank_of_New_York_Mellon_Corp.
BCR,Bard (C.R.) Inc.,reports,Health Care,Health Care Equipment & Services,Murray Hill, New Jersey,1975-06-30,0000009892,/wiki/Bard_(C.R.)_Inc.
BXLT,Baxalta,reports,Health Care,Biotechnology,Deerfield, Illinois,2015-07-01,0001620546,/wiki/Baxalta
BAX,Baxter International Inc.,reports,Health Care,Health Care Equipment & Services,Deerfield, Illinois,1972-09-30,0000010456,/wiki/Baxter_International_Inc.
BBT,BB&T Corporation,reports,Financials,Banks,Winston-Salem, North Carolina,,0000092230,/wiki/BB%26T_Corporation
BDX,Becton Dickinson,reports,Health Care,Health Care Equipment & Services,Franklin Lakes, New Jersey,1972-09-30,0000010795,/wiki/Becton_Dickinson
BBBY,Bed Bath & Beyond,reports,Consumer Discretionary,Specialty Stores,Union, New Jersey,,0000886158,/wiki/Bed_Bath_%26_Beyond
BRK-B,Berkshire Hathaway,reports,Financials,Multi-Sector Holdings,Omaha, Nebraska,2010-02-16,0001067983,/wiki/Berkshire_Hathaway
BBY,Best Buy Co. Inc.,reports,Consumer Discretionary,Computer & Electronics Retail,Richfield, Minnesota,,0000764478,/wiki/Best_Buy_Co._Inc.
BIIB,BIOGEN IDEC Inc.,reports,Health Care,Biotechnology,Weston, Massachusetts,,0000875045,/wiki/BIOGEN_IDEC_Inc.
BLK,BlackRock,reports,Financials,Asset Management & Custody Banks,New York, New York,2011-04-04,0001364742,/wiki/BlackRock
HRB,Block H&R,reports,Financials,Consumer Finance,Kansas City, Missouri,1986-11-30,0000012659,/wiki/Block_H%26R
BA,Boeing Company,reports,Industrials,Aerospace & Defense,Chicago, Illinois,,0000012927,/wiki/Boeing_Company
BWA,BorgWarner,reports,Consumer Discretionary,Auto Parts & Equipment,Auburn Hills, Michigan,2011-12-19,0000908255,/wiki/BorgWarner
BXP,Boston Properties,reports,Financials,REITs,Boston, Massachusetts,,0001037540,/wiki/Boston_Properties
BSX,Boston Scientific,reports,Health Care,Health Care Equipment & Services,Marlborough, Massachusetts[4],,0000885725,/wiki/Boston_Scientific
BMY,Bristol-Myers Squibb,reports,Health Care,Health Care Distributors & Services,New York, New York,,0000014272,/wiki/Bristol-Myers_Squibb
BF-B,Brown-Forman Corporation,reports,Consumer Staples,Distillers & Vintners,Louisville, Kentucky,1982-10-31,0000014693,/wiki/Brown-Forman_Corporation
CHRW,C. H. Robinson Worldwide,reports,Industrials,Air Freight & Logistics,Eden Prairie, Minnesota,,0001043277,/wiki/C._H._Robinson_Worldwide
CA,CA, Inc.,reports,Information Technology,Systems Software,Islandia, New York,1987-07-31,0000356028,/wiki/CA,_Inc.
CVC,Cablevision Systems Corp.,reports,Consumer Discretionary,Broadcasting & Cable TV,Bethpage, New York,2010-12-20,0001053112,/wiki/Cablevision
COG,Cabot Oil & Gas,reports,Energy,Oil & Gas Exploration & Production,Houston, Texas,2008-06-23,0000858470,/wiki/Cabot_Oil_%26_Gas
CPB,Campbell Soup,reports,Consumer Staples,Packaged Foods & Meats,Camden, New Jersey,,0000016732,/wiki/Campbell_Soup
COF,Capital One Financial,reports,Financials,Consumer Finance,Tysons Corner, Virginia,,0000927628,/wiki/Capital_One_Financial
CAH,Cardinal Health Inc.,reports,Health Care,Health Care Distributors & Services,Dublin, Ohio,,0000721371,/wiki/Cardinal_Health_Inc.
HSIC,Henry Schein,reports,Health Care,Health Care Distributors & Services,Melville, New York,2015-03-17,0001000228,/wiki/Henry_Schein
KMX,Carmax Inc,reports,Consumer Discretionary,Specialty Stores,Richmond, Virginia,2010-06-28,0001170010,/wiki/Carmax_Inc
CCL,Carnival Corp.,reports,Consumer Discretionary,Hotels, Resorts & Cruise Lines,Miami, Florida,,0000815097,/wiki/Carnival_Corp.
CAT,Caterpillar Inc.,reports,Industrials,Construction & Farm Machinery & Heavy Trucks,Peoria, Illinois,,0000018230,/wiki/Caterpillar_Inc.
CBG,CBRE Group,reports,Financials,Real Estate Services,Los Angeles, California,,0001138118,/wiki/CBRE_Group
CBS,CBS Corp.,reports,Consumer Discretionary,Broadcasting & Cable TV,New York, New York,1994-09-01,0000813828,/wiki/CBS_Corp.
CELG,Celgene Corp.,reports,Health Care,Biotechnology,Summit, New Jersey,,0000816284,/wiki/Celgene_Corp.
CNC,Centene Corporation,reports,Health Care,Managed Health Care,St Louis, Missouri,2016-03-30,0001071739,/wiki/Centene_Corporation
CNP,CenterPoint Energy,reports,Utilities,MultiUtilities,Houston, Texas,1985-07-31,0001130310,/wiki/CenterPoint_Energy
CTL,CenturyLink Inc,reports,Telecommunications Services,Integrated Telecommunications Services,Monroe, Louisiana,,0000018926,/wiki/CenturyLink_Inc
CERN,Cerner,reports,Health Care,Health Care Distributors & Services,North Kansas City, Missouri,2010-04-30,0000804753,/wiki/Cerner
CF,CF Industries Holdings Inc,reports,Materials,Fertilizers & Agricultural Chemicals,Deerfield, Illinois,2008-08-27,0001324404,/wiki/CF_Industries_Holdings_Inc
SCHW,Charles Schwab Corporation,reports,Financials,Investment Banking & Brokerage,San Francisco, California,,0000316709,/wiki/Charles_Schwab_Corporation
CHK,Chesapeake Energy,reports,Energy,Integrated Oil & Gas,Oklahoma City, Oklahoma,,0000895126,/wiki/Chesapeake_Energy
CVX,Chevron Corp.,reports,Energy,Integrated Oil & Gas,San Ramon, California,,0000093410,/wiki/Chevron_Corp.
CMG,Chipotle Mexican Grill,reports,Consumer Discretionary,Restaurants,Denver, Colorado,2011-04-28,0001058090,/wiki/Chipotle_Mexican_Grill
CB,Chubb Limited,reports,Financials,Property & Casualty Insurance,Zurich, Switzerland,2010-07-15,0000896159,/wiki/ACE_Limited
CHD,Church & Dwight,reports,Consumer Staples,Household Products,Ewing, New Jersey,2015-12-29,0000313927,/wiki/Church_%26_Dwight
CI,CIGNA Corp.,reports,Health Care,Managed Health Care,Philadelphia, Pennsylvania,1976-06-30,0000701221,/wiki/CIGNA_Corp.
XEC,Cimarex Energy,reports,Energy,Oil & Gas Exploration & Production,Denver, Colorado,2014-06-21,0001168054,/wiki/Cimarex_Energy
CINF,Cincinnati Financial,reports,Financials,Property & Casualty Insurance,Fairfield, Ohio,,0000020286,/wiki/Cincinnati_Financial
CTAS,Cintas Corporation,reports,Industrials,Diversified Support Services,Mason, Ohio,,0000723254,/wiki/Cintas_Corporation
CSCO,Cisco Systems,reports,Information Technology,Networking Equipment,San Jose, California,1993-12-01,0000858877,/wiki/Cisco_Systems
C,Citigroup Inc.,reports,Financials,Banks,New York, New York,1988-05-31,0000831001,/wiki/Citigroup_Inc.
CTXS,Citrix Systems,reports,Information Technology,Internet Software & Services,Fort Lauderdale, Florida,,0000877890,/wiki/Citrix_Systems
CLX,The Clorox Company,reports,Consumer Staples,Household Products,Oakland, California,1969-03-31,0000021076,/wiki/The_Clorox_Company
CME,CME Group Inc.,reports,Financials,Diversified Financial Services,Chicago, Illinois,,0001156375,/wiki/CME_Group_Inc.
CMS,CMS Energy,reports,Utilities,MultiUtilities,Jackson, Michigan,,0000811156,/wiki/CMS_Energy
COH,Coach Inc.,reports,Consumer Discretionary,Apparel, Accessories & Luxury Goods,New York, New York,,0001116132,/wiki/Coach_Inc.
KO,The Coca Cola Company,reports,Consumer Staples,Soft Drinks,Atlanta, Georgia,,0000021344,/wiki/The_Coca_Cola_Company
CCE,Coca-Cola Enterprises,reports,Consumer Staples,Soft Drinks,Atlanta, Georgia,,0001491675,/wiki/Coca-Cola_Enterprises
CTSH,Cognizant Technology Solutions,reports,Information Technology,IT Consulting & Services,Teaneck, New Jersey,,0001058290,/wiki/Cognizant_Technology_Solutions
CL,Colgate-Palmolive,reports,Consumer Staples,Household Products,New York, New York,,0000021665,/wiki/Colgate-Palmolive
CPGX,Columbia Pipeline Group Inc,reports,Energy,Oil & Gas Storage & Transportation,Houston, Texas,2015-07-02,0001629995,/w/index.php?title=Columbia_Pipeline_Group_Inc&action=edit&redlink=1
CMCSA,Comcast A Corp,reports,Consumer Discretionary,Broadcasting & Cable TV,Philadelphia, Pennsylvania,,0001166691,/wiki/Comcast_A_Corp
CMA,Comerica Inc.,reports,Financials,Banks,Dallas, Texas,,0000028412,/wiki/Comerica_Inc.
CAG,ConAgra Foods Inc.,reports,Consumer Staples,Packaged Foods & Meats,Omaha, Nebraska,1983-08-31,0000023217,/wiki/ConAgra_Foods_Inc.
CXO,Concho Resources,reports,Energy,Oil & Gas Exploration & Production,Midland, Texas,2016-02-22,0001358071,/wiki/Concho_Resources
COP,ConocoPhillips,reports,Energy,Oil & Gas Exploration & Production,Houston, Texas,,0001163165,/wiki/ConocoPhillips
ED,Consolidated Edison,reports,Utilities,Electric Utilities,New York, New York,,0001047862,/wiki/Consolidated_Edison
STZ,Constellation Brands,reports,Consumer Staples,Distillers & Vintners,Victor, New York,,0000016918,/wiki/Constellation_Brands
GLW,Corning Inc.,reports,Industrials,Construction & Engineering,Corning, New York,,0000024741,/wiki/Corning_Inc.
COST,Costco Co.,reports,Consumer Staples,Hypermarkets & Super Centers,Issaquah, Washington,1993-10-01,0000909832,/wiki/Costco_Co.
CCI,Crown Castle International Corp.,reports,Financials,REITs,Houston, Texas,2012-03-14,0001051470,/wiki/Crown_Castle_International_Corp.
CSRA,CSRA Inc.,reports,Information Technology,IT Consulting & Services,Falls Church, Virginia,2015-12-01,0001646383,/wiki/CSRA_(IT_services_company)
CSX,CSX Corp.,reports,Industrials,Railroads,Jacksonville, Florida,1967-09-30,0000277948,/wiki/CSX_Corp.
CMI,Cummins Inc.,reports,Industrials,Industrial Machinery,Columbus, Indiana,1965-03-31,0000026172,/wiki/Cummins_Inc.
CVS,CVS Health,reports,Consumer Staples,Drug Retail,Woonsocket, Rhode Island,,0000064803,/wiki/CVS_Health
DHI,D. R. Horton,reports,Consumer Discretionary,Homebuilding,Fort Worth, Texas,,0000882184,/wiki/D._R._Horton
DHR,Danaher Corp.,reports,Industrials,Industrial Machinery,Washington D.C,,0000313616,/wiki/Danaher_Corp.
DRI,Darden Restaurants,reports,Consumer Discretionary,Restaurants,Orlando, Florida,,0000940944,/wiki/Darden_Restaurants
DVA,DaVita Inc.,reports,Health Care,Health Care Facilities,Denver, Colorado,2008-07-31,0000927066,/wiki/DaVita_Inc.
DE,Deere & Co.,reports,Industrials,Construction & Farm Machinery & Heavy Trucks,Moline, Illinois,,0000315189,/wiki/Deere_%26_Co.
DLPH,Delphi Automotive,reports,Consumer Discretionary,Auto Parts & Equipment,Gillingham, Kent, United Kingdom,2012-12-24,0001521332,/wiki/Delphi_Automotive
DAL,Delta Air Lines,reports,Industrials,Airlines,Atlanta, Georgia,2013-09-11,0000027904,/wiki/Delta_Air_Lines
XRAY,Dentsply Sirona,reports,Health Care,Health Care Supplies,York, Pennsylvania,2008-11-14,0000818479,/wiki/Dentsply_Sirona
DVN,Devon Energy Corp.,reports,Energy,Oil & Gas Exploration & Production,Oklahoma City, Oklahoma,,0001090012,/wiki/Devon_Energy_Corp.
DO,Diamond Offshore Drilling,reports,Energy,Oil & Gas Drilling,Houston, Texas,2009-02-26,0000949039,/wiki/Diamond_Offshore_Drilling
DFS,Discover Financial Services,reports,Financials,Consumer Finance,Riverwoods, Illinois,2007-07-02,0001393612,/wiki/Discover_Financial
DISCA,Discovery Communications-A,reports,Consumer Discretionary,Broadcasting & Cable TV,Silver Spring, Maryland,2010-03-01,0001437107,/wiki/Discovery_Communications-A
DISCK,Discovery Communications-C,reports,Consumer Discretionary,Broadcasting & Cable TV,Silver Spring, Maryland,2014-08-07,0001437107,/wiki/Discovery_Communications-C
DG,Dollar General,reports,Consumer Discretionary,General Merchandise Stores,Goodlettsville, Tennessee,2012-12-03,0000029534,/wiki/Dollar_General
DLTR,Dollar Tree,reports,Consumer Discretionary,General Merchandise Stores,Chesapeake, Virginia,2011-12-19,0000935703,/wiki/Dollar_Tree
D,Dominion Resources,reports,Utilities,Electric Utilities,Richmond, Virginia,,0000715957,/wiki/Dominion_Resources
DOV,Dover Corp.,reports,Industrials,Industrial Machinery,Downers Grove, Illinois,1985-10-31,0000029905,/wiki/Dover_Corp.
DOW,Dow Chemical,reports,Materials,Diversified Chemicals,Midland, Michigan,,0000029915,/wiki/Dow_Chemical
DPS,Dr Pepper Snapple Group,reports,Consumer Staples,Soft Drinks,Plano, Texas,2008-10-07,0001418135,/wiki/Dr_Pepper_Snapple_Group
DTE,DTE Energy Co.,reports,Utilities,MultiUtilities,Detroit, Michigan,,0000936340,/wiki/DTE_Energy_Co.
DD,Du Pont (E.I.),reports,Materials,Diversified Chemicals,Wilmington, Delaware,,0000030554,/wiki/Du_Pont_(E.I.)
DUK,Duke Energy,reports,Utilities,Electric Utilities,Charlotte, North Carolina,1976-06-30,0001326160,/wiki/Duke_Energy
DNB,Dun & Bradstreet,reports,Industrials,Data Processing Services,Short Hills, New Jersey,2008-12-02,0001115222,/wiki/Dun_%26_Bradstreet
ETFC,E*Trade,reports,Financials,Investment Banking & Brokerage,New York, New York,,0001015780,/wiki/E*Trade
EMN,Eastman Chemical,reports,Materials,Diversified Chemicals,Kingsport, Tennessee,1994-01-01,0000915389,/wiki/Eastman_Chemical
ETN,Eaton Corporation,reports,Industrials,Industrial Conglomerates,Dublin, Ireland,,0001551182,/wiki/Eaton_Corporation
EBAY,eBay Inc.,reports,Information Technology,Internet Software & Services,San Jose, California,,0001065088,/wiki/EBay_Inc.
ECL,Ecolab Inc.,reports,Materials,Specialty Chemicals,St. Paul, Minnesota,1989-01-31,0000031462,/wiki/Ecolab_Inc.
EIX,Edison Int'l,reports,Utilities,Electric Utilities,Rosemead, California,,0000827052,/wiki/Edison_Int%27l
EW,Edwards Lifesciences,reports,Health Care,Health Care Equipment & Services,Irvine, California,2011-04-01,0001099800,/wiki/Edwards_Lifesciences
EA,Electronic Arts,reports,Information Technology,Home Entertainment Software,Redwood City, California,,0000712515,/wiki/Electronic_Arts
EMC,EMC Corp.,reports,Information Technology,IT Consulting & Services,Hopkinton, Massachusetts,,0000790070,/wiki/EMC_Corp.
EMR,Emerson Electric Company,reports,Industrials,Industrial Conglomerates,Ferguson, Missouri,1965-03-31,0000032604,/wiki/Emerson_Electric_Company
ENDP,Endo International,reports,Health Care,Pharmaceuticals,Dublin, Ireland,2015-01-27,0001100962,/wiki/Endo_International
ETR,Entergy Corp.,reports,Utilities,Electric Utilities,New Orleans, Louisiana,,0000065984,/wiki/Entergy_Corp.
EOG,EOG Resources,reports,Energy,Oil & Gas Exploration & Production,Houston, Texas,,0000821189,/wiki/EOG_Resources
EQT,EQT Corporation,reports,Energy,Oil & Gas Exploration & Production,Pittsburgh, Pennsylvania,2008-12-19,0000033213,/wiki/EQT_Corporation
EFX,Equifax Inc.,reports,Financials,Diversified Financial Services,Atlanta, Georgia,,0000033185,/wiki/Equifax_Inc.
EQIX,Equinix,reports,Information Technology,Internet Software & Services,Redwood City, California,2015-03-20,0001101239,/wiki/Equinix
EQR,Equity Residential,reports,Financials,REITs,Chicago, Illinois,,0000906107,/wiki/Equity_Residential
ESS,Essex Property Trust Inc,reports,Financials,Residential REITs,Palo Alto, California,2014-04-02,0000920522,/w/index.php?title=Essex_Property_Trust_Inc&action=edit&redlink=1
EL,Estee Lauder Cos.,reports,Consumer Staples,Personal Products,New York, New York,,0001001250,/wiki/Estee_Lauder_Cos.
ES,Eversource Energy,reports,Utilities,MultiUtilities,Springfield, Massachusetts,,0000072741,/wiki/Eversource_Energy
EXC,Exelon Corp.,reports,Utilities,MultiUtilities,Chicago, Illinois,,0001109357,/wiki/Exelon_Corp.
EXPE,Expedia Inc.,reports,Consumer Discretionary,Hotels, Resorts & Cruise Lines,Bellevue, Washington,2007-10-02,0001324424,/wiki/Expedia_Inc.
EXPD,Expeditors Int'l,reports,Industrials,Air Freight & Logistics,Seattle, Washington,2007-10-10,0000746515,/wiki/Expeditors_Int%27l
ESRX,Express Scripts,reports,Health Care,Health Care Distributors & Services,Cool Valley, Missouri,,0001532063,/wiki/Express_Scripts
EXR,Extra Space Storage,reports,Financials,Specialized REITs,Zurich, Switzerland,2016-01-19,0001289490,/wiki/Extra_Space_Storage
XOM,Exxon Mobil Corp.,reports,Energy,Integrated Oil & Gas,Irving, Texas,,0000034088,/wiki/Exxon_Mobil_Corp.
FFIV,F5 Networks,reports,Information Technology,Networking Equipment,Seattle, Washington,2010-12-20,0001048695,/wiki/F5_Networks
FB,Facebook,reports,Information Technology,Internet Software & Services,Menlo Park, California,2013-12-23,0001326801,/wiki/Facebook
FAST,Fastenal Co,reports,Industrials,Building Products,Winona, Minnesota,2009-09-15,0000815556,/wiki/Fastenal_Co
FRT,Federal Realty Investment Trust,reports,Financials,Retail REITs,Rockville, Maryland,2016-02-01,0000034903,/w/index.php?title=Federal_Realty_Investment_Trust&action=edit&redlink=1
FDX,FedEx Corporation,reports,Industrials,Air Freight & Logistics,Memphis, Tennessee,1980-12-31,0001048911,/wiki/FedEx_Corporation
FIS,Fidelity National Information Services,reports,Information Technology,Internet Software & Services,Jacksonville, Florida,,0001136893,/wiki/Fidelity_National_Information_Services
FITB,Fifth Third Bancorp,reports,Financials,Banks,Cincinnati, Ohio,,0000035527,/wiki/Fifth_Third_Bancorp
FSLR,First Solar Inc,reports,Information Technology,Semiconductors,Tempe, Arizona,2009-10-16,0001274494,/wiki/First_Solar_Inc
FE,FirstEnergy Corp,reports,Utilities,Electric Utilities,Akron, Ohio,,0001031296,/wiki/FirstEnergy_Corp
FISV,Fiserv Inc,reports,Information Technology,Internet Software & Services,Brookfield, Wisconsin,,0000798354,/wiki/Fiserv_Inc
FLIR,FLIR Systems,reports,Industrials,Aerospace & Defense,Wilsonville, Oregon,2009-01-02,0000354908,/wiki/FLIR_Systems
FLS,Flowserve Corporation,reports,Industrials,Industrial Machinery,Irving, Texas,2008-10-02,0000030625,/wiki/Flowserve_Corporation
FLR,Fluor Corp.,reports,Industrials,Diversified Commercial Services,Irving, Texas,1980-03-31,0001124198,/wiki/Fluor_Corp.
FMC,FMC Corporation,reports,Materials,Diversified Chemicals,Philadelphia, Pennsylvania,2009-08-19,0000037785,/wiki/FMC_Corporation
FTI,FMC Technologies Inc.,reports,Energy,Oil & Gas Equipment & Services,Houston, Texas,2009-06-05,0001135152,/wiki/FMC_Technologies_Inc.
FL,Foot Locker Inc,reports,Consumer Discretionary,Apparel Retail,New York, New York,2016-04-04,0000850209,/wiki/Foot_Locker_Inc
F,Ford Motor,reports,Consumer Discretionary,Automobile Manufacturers,Dearborn, Michigan,,0000037996,/wiki/Ford_Motor
BEN,Franklin Resources,reports,Financials,Asset Management & Custody Banks,San Mateo, California,,0000038777,/wiki/Franklin_Resources
FCX,Freeport-McMoran Cp & Gld,reports,Materials,Diversified Metals & Mining,Phoenix, Arizona,,0000831259,/wiki/Freeport-McMoran_Cp_%26_Gld
FTR,Frontier Communications,reports,Telecommunications Services,Integrated Telecommunications Services,Stamford, Connecticut,,0000020520,/wiki/Frontier_Communications
GME,GameStop Corp.,reports,Consumer Discretionary,Computer & Electronics Retail,Grapevine, Texas,2007-12-14,0001326380,/wiki/GameStop_Corp.
GPS,Gap (The),reports,Consumer Discretionary,Apparel Retail,San Francisco, California,1986-08-31,0000039911,/wiki/Gap_(The)
GRMN,Garmin Ltd.,reports,Consumer Discretionary,Consumer Electronics,Schaffhausen, Switzerland,2012-12-12,0001121788,/wiki/Garmin_Ltd.
GD,General Dynamics,reports,Industrials,Aerospace & Defense,Falls Church, Virginia,,0000040533,/wiki/General_Dynamics
GE,General Electric,reports,Industrials,Industrial Conglomerates,Fairfield, Connecticut,,0000040545,/wiki/General_Electric
GGP,General Growth Properties Inc.,reports,Financials,REITs,Chicago, Illinois,2013-12-10,0000895648,/wiki/General_Growth_Properties_Inc.
GIS,General Mills,reports,Consumer Staples,Packaged Foods & Meats,Golden Valley, Minnesota,1969-03-31,0000040704,/wiki/General_Mills
GM,General Motors,reports,Consumer Discretionary,Automobile Manufacturers,Detroit, Michigan,2013-06-06,0001467858,/wiki/General_Motors
GPC,Genuine Parts,reports,Consumer Discretionary,Specialty Stores,Atlanta, Georgia,1973-12-31,0000040987,/wiki/Genuine_Parts
GILD,Gilead Sciences,reports,Health Care,Biotechnology,Foster City, California,,0000882095,/wiki/Gilead_Sciences
GS,Goldman Sachs Group,reports,Financials,Investment Banking & Brokerage,New York, New York,,0000886982,/wiki/Goldman_Sachs_Group
GT,Goodyear Tire & Rubber,reports,Consumer Discretionary,Tires & Rubber,Akron, Ohio,,0000042582,/wiki/Goodyear_Tire_%26_Rubber
GWW,Grainger (W.W.) Inc.,reports,Industrials,Industrial Materials,Lake Forest, Illinois,1981-06-30,0000277135,/wiki/Grainger_(W.W.)_Inc.
HAL,Halliburton Co.,reports,Energy,Oil & Gas Equipment & Services,Houston, Texas,,0000045012,/wiki/Halliburton_Co.
HBI,Hanesbrands Inc,reports,Consumer Discretionary,Apparel, Accessories & Luxury Goods,Winston-Salem, North Carolina,2015-03-20,0001359841,/wiki/Hanesbrands_Inc
HOG,Harley-Davidson,reports,Consumer Discretionary,Motorcycle Manufacturers,Milwaukee, Wisconsin,,0000793952,/wiki/Harley-Davidson
HAR,Harman Int'l Industries,reports,Consumer Discretionary,Consumer Electronics,Stamford, Connecticut,,0000800459,/wiki/Harman_Int%27l_Industries
HRS,Harris Corporation,reports,Information Technology,Telecommunications Equipment,Melbourne, Florida,2008-09-22,0000202058,/wiki/Harris_Corporation
HIG,Hartford Financial Svc.Gp.,reports,Financials,Property & Casualty Insurance,Hartford, Connecticut,,0000874766,/wiki/Hartford_Financial_Svc.Gp.
HAS,Hasbro Inc.,reports,Consumer Discretionary,Leisure Products,Pawtucket, Rhode Island,1984-09-30,0000046080,/wiki/Hasbro_Inc.
HCA,HCA Holdings,reports,Health Care,Health Care Facilities,Nashville, Tennessee,2015-01-27,0000860730,/wiki/HCA_Holdings
HCP,HCP Inc.,reports,Financials,REITs,Long Beach, California,2008-03-31,0000765880,/wiki/HCP_Inc.
HP,Helmerich & Payne,reports,Energy,Oil & Gas Drilling,Tulsa, Oklahoma[5],,0000046765,/wiki/Helmerich_%26_Payne
HES,Hess Corporation,reports,Energy,Integrated Oil & Gas,New York, New York,1984-05-31,0000004447,/wiki/Hess_Corporation
HPE,Hewlett Packard Enterprise,reports,Information Technology,Technology Hardware, Storage & Peripherals,Palo Alto, California,2015-11-02,0001645590,/wiki/Hewlett_Packard_Enterprise
HOLX,Hologic,reports,Health Care,Health Care Equipment,Marlborough, Massachusetts,2016-03-30,0000859737,/wiki/Hologic
HD,Home Depot,reports,Consumer Discretionary,Home Improvement Retail,Atlanta, Georgia,1988-03-31,0000354950,/wiki/Home_Depot
HON,Honeywell Int'l Inc.,reports,Industrials,Industrial Conglomerates,Morristown, New Jersey,,0000773840,/wiki/Honeywell_Int%27l_Inc.
HRL,Hormel Foods Corp.,reports,Consumer Staples,Packaged Foods & Meats,Austin, Minnesota,2009-03-04,0000048465,/wiki/Hormel_Foods_Corp.
HST,Host Hotels & Resorts,reports,Financials,REITs,Bethesda, Maryland,2007-03-20,0001070750,/wiki/Host_Hotels_%26_Resorts
HPQ,HP Inc.,reports,Information Technology,Computer Hardware,Palo Alto, California,1974-12-31,0000047217,/wiki/HP_Inc.
HUM,Humana Inc.,reports,Health Care,Managed Health Care,Louisville, Kentucky,,0000049071,/wiki/Humana_Inc.
HBAN,Huntington Bancshares,reports,Financials,Banks,Columbus, Ohio,,0000049196,/wiki/Huntington_Bancshares
ITW,Illinois Tool Works,reports,Industrials,Industrial Machinery,Glenview, Illinois,1986-02-28,0000049826,/wiki/Illinois_Tool_Works
ILMN,Illumina Inc,reports,Health Care,Life Sciences Tools & Services,San Diego, California,2015-11-19,0001110803,/wiki/Illumina_(company)
IR,Ingersoll-Rand PLC,reports,Industrials,Industrial Conglomerates,Dublin, Ireland,2010-11-17,0001466258,/wiki/Ingersoll-Rand_PLC
INTC,Intel Corp.,reports,Information Technology,Semiconductors,Santa Clara, California,1976-12-31,0000050863,/wiki/Intel_Corp.
ICE,Intercontinental Exchange,reports,Financials,Diversified Financial Services,Atlanta, Georgia,2007-09-26,0001571949,/wiki/Intercontinental_Exchange
IBM,International Bus. Machines,reports,Information Technology,IT Consulting & Services,Armonk, New York,,0000051143,/wiki/IBM
IP,International Paper,reports,Materials,Paper Products,Memphis, Tennessee,,0000051434,/wiki/International_Paper
IPG,Interpublic Group,reports,Consumer Discretionary,Advertising,New York, New York,1992-10-01,0000051644,/wiki/Interpublic_Group
IFF,Intl Flavors & Fragrances,reports,Materials,Specialty Chemicals,New York, New York,1976-03-31,0000051253,/wiki/Intl_Flavors_%26_Fragrances
INTU,Intuit Inc.,reports,Information Technology,Internet Software & Services,Mountain View, California,2000-12-05,0000896878,/wiki/Intuit_Inc.
ISRG,Intuitive Surgical Inc.,reports,Health Care,Health Care Equipment & Services,Sunnyvale, California,2008-06-02,0001035267,/wiki/Intuitive_Surgical_Inc.
IVZ,Invesco Ltd.,reports,Financials,Asset Management & Custody Banks,Atlanta, Georgia,2008-08-21,0000914208,/wiki/Invesco_Ltd.
IRM,Iron Mountain Incorporated,reports,Industrials,Data Processing Services,Boston, Massachusetts,2009-01-06,0001020569,/wiki/Iron_Mountain_Incorporated
JEC,Jacobs Engineering Group,reports,Industrials,Industrial Conglomerates,Pasadena, California,2007-10-26,0000052988,/wiki/Jacobs_Engineering_Group
JBHT,J. B. Hunt Transport Services,reports,Industrials,Trucking,Lowell, Arkansas,2015-07-01,0000728535,/wiki/J._B._Hunt_Transport_Services
JNJ,Johnson & Johnson,reports,Health Care,Health Care Equipment & Services,New Brunswick, New Jersey,1973-06-30,0000200406,/wiki/Johnson_%26_Johnson
JCI,Johnson Controls,reports,Consumer Discretionary,Auto Parts & Equipment,Milwaukee, Wisconsin,1986-05-31,0000053669,/wiki/Johnson_Controls
JPM,JPMorgan Chase & Co.,reports,Financials,Banks,New York, New York,1975-06-30,0000019617,/wiki/JPMorgan_Chase_%26_Co.
JNPR,Juniper Networks,reports,Information Technology,Networking Equipment,Sunnyvale, California,,0001043604,/wiki/Juniper_Networks
KSU,Kansas City Southern,reports,Industrials,Railroads,Kansas City, Missouri,2013-05-24,0000054480,/wiki/Kansas_City_Southern
K,Kellogg Co.,reports,Consumer Staples,Packaged Foods & Meats,Battle Creek, Michigan,,0000055067,/wiki/Kellogg_Co.
KEY,KeyCorp,reports,Financials,Banks,Cleveland, Ohio,1994-03-01,0000091576,/wiki/KeyCorp
KMB,Kimberly-Clark,reports,Consumer Staples,Household Products,Irving, Texas,,0000055785,/wiki/Kimberly-Clark
KIM,Kimco Realty,reports,Financials,REITs,New Hyde Park, New York,,0000879101,/wiki/Kimco_Realty
KMI,Kinder Morgan,reports,Energy,Oil & Gas Refining & Marketing & Transportation,Houston, Texas,2012-05-25,0001506307,/wiki/Kinder_Morgan
KLAC,KLA-Tencor Corp.,reports,Information Technology,Semiconductor Equipment,Milpitas, California,,0000319201,/wiki/KLA-Tencor_Corp.
KSS,Kohl's Corp.,reports,Consumer Discretionary,General Merchandise Stores,Menomonee Falls, Wisconsin,,0000885639,/wiki/Kohl%27s_Corp.
KHC,Kraft Heinz Co,reports,Consumer Staples,Packaged Foods & Meats,Northfield, Illinois,2012-10-02,0001545158,/wiki/Kraft_Heinz
KR,Kroger Co.,reports,Consumer Staples,Food Retail,Cincinnati, Ohio,,0000056873,/wiki/Kroger_Co.
LB,L Brands Inc.,reports,Consumer Discretionary,Apparel Retail,Columbus, Ohio,1983-09-30,0000701985,/wiki/L_Brands_Inc.
LLL,L-3 Communications Holdings,reports,Industrials,Industrial Conglomerates,New York, New York,,0001056239,/wiki/L-3_Communications_Holdings
LH,Laboratory Corp. of America Holding,reports,Health Care,Health Care Facilities,Burlington, North Carolina,,0000920148,/wiki/Laboratory_Corp._of_America_Holding
LRCX,Lam Research,reports,Information Technology,Semiconductor Equipment,Fremont, California,2012-06-29,0000707549,/wiki/Lam_Research
LM,Legg Mason,reports,Financials,Asset Management & Custody Banks,Baltimore, Maryland,,0000704051,/wiki/Legg_Mason
LEG,Leggett & Platt,reports,Industrials,Industrial Conglomerates,Carthage, Missouri,,0000058492,/wiki/Leggett_%26_Platt
LEN,Lennar Corp.,reports,Consumer Discretionary,Homebuilding,Miami, Florida,,0000920760,/wiki/Lennar_Corp.
LVLT,Level 3 Communications,reports,Telecommunications Services,Alternative Carriers,Broomfield, Colorado,2014-11-05,0000794323,/wiki/Level_3_Communications
LUK,Leucadia National Corp.,reports,Financials,Multi-Sector Holdings,New York, New York,2007-08-27,0000096223,/wiki/Leucadia_National_Corp.
LLY,Lilly (Eli) & Co.,reports,Health Care,Pharmaceuticals,Indianapolis, Indiana,1970-12-31,0000059478,/wiki/Lilly_(Eli)_%26_Co.
LNC,Lincoln National,reports,Financials,Multi-line Insurance,Radnor, Pennsylvania,1976-06-30,0000059558,/wiki/Lincoln_National
LLTC,Linear Technology Corp.,reports,Information Technology,Semiconductors,Milpitas, California,,0000791907,/wiki/Linear_Technology_Corp.
LMT,Lockheed Martin Corp.,reports,Industrials,Aerospace & Defense,Bethesda, Maryland,1984-07-31,0000936468,/wiki/Lockheed_Martin_Corp.
L,Loews Corp.,reports,Financials,Multi-Sector Holdings,New York, New York,,0000060086,/wiki/Loews_Corp.
LOW,Lowe's Cos.,reports,Consumer Discretionary,Home Improvement Retail,Mooresville, North Carolina,1984-02-29,0000060667,/wiki/Lowe%27s_Cos.
LYB,LyondellBasell,reports,Materials,Diversified Chemicals,Rotterdam, Netherlands,2012-09-05,0001489393,/wiki/LyondellBasell
MTB,M&T Bank Corp.,reports,Financials,Banks,Buffalo, New York,,0000036270,/wiki/M%26T_Bank_Corp.
MAC,Macerich,reports,Financials,Retail REITs,Santa Monica, California,2013-05-09,0000912242,/wiki/Macerich
M,Macy's Inc.,reports,Consumer Discretionary,Department Stores,Cincinnati, Ohio,,0000794367,/wiki/Macy%27s_Inc.
MNK,Mallinckrodt Plc,reports,Health Care,Pharmaceuticals,Dublin, Ireland,2014-08-19,0001567892,/wiki/Mallinckrodt_Plc
MRO,Marathon Oil Corp.,reports,Energy,Oil & Gas Exploration & Production,Houston, Texas,1991-05-01,0000101778,/wiki/Marathon_Oil_Corp.
MPC,Marathon Petroleum,reports,Energy,Oil & Gas Refining & Marketing & Transportation,Findlay, Ohio,2011-07-01,0001510295,/wiki/Marathon_Petroleum
MAR,Marriott Int'l.,reports,Consumer Discretionary,Hotels, Resorts & Cruise Lines,Bethesda, Maryland,,0001048286,/wiki/Marriott_Int%27l.
MMC,Marsh & McLennan,reports,Financials,Insurance Brokers,New York, New York,1987-08-31,0000062709,/wiki/Marsh_%26_McLennan
MLM,Martin Marietta Materials,reports,Materials,Construction Materials,Raleigh, North Carolina,2014-07-02,0000916076,/wiki/Martin_Marietta_Materials
MAS,Masco Corp.,reports,Industrials,Building Products,Taylor, Michigan,1981-06-30,0000062996,/wiki/Masco_Corp.
MA,Mastercard Inc.,reports,Information Technology,Internet Software & Services,Harrison, New York,2008-07-18,0001141391,/wiki/Mastercard_Inc.
MAT,Mattel Inc.,reports,Consumer Discretionary,Leisure Products,El Segundo, California,1982-03-31,0000063276,/wiki/Mattel_Inc.
MKC,McCormick & Co.,reports,Consumer Staples,Packaged Foods & Meats,Sparks, Maryland,,0000063754,/wiki/McCormick_%26_Co.
MCD,McDonald's Corp.,reports,Consumer Discretionary,Restaurants,Oak Brook, Illinois,1970-06-30,0000063908,/wiki/McDonald%27s_Corp.
MHFI,McGraw Hill Financial,reports,Financials,Diversified Financial Services,New York, New York,,0000064040,/wiki/McGraw_Hill_Financial
MCK,McKesson Corp.,reports,Health Care,Health Care Distributors & Services,San Francisco, California,,0000927653,/wiki/McKesson_Corp.
MJN,Mead Johnson,reports,Consumer Staples,Packaged Foods & Meats,Glenview, Illinois,2009-12-21,0001452575,/wiki/Mead_Johnson
WRK,Westrock Co,reports,Materials,Paper Packaging,Richmond, Virginia,,0001636023,/w/index.php?title=Westrock_Co&action=edit&redlink=1
MDT,Medtronic plc,reports,Health Care,Health Care Equipment & Services,Dublin, Ireland,1986-10-31,0000064670,/wiki/Medtronic_plc
MRK,Merck & Co.,reports,Health Care,Pharmaceuticals,Whitehouse Station, New Jersey,,0000310158,/wiki/Merck_%26_Co.
MET,MetLife Inc.,reports,Financials,Life & Health Insurance,New York, New York,,0001099219,/wiki/MetLife_Inc.
KORS,Michael Kors Holdings,reports,Consumer Discretionary,Apparel, Accessories & Luxury Goods,New York, New York,2013-11-13,0001530721,/wiki/Michael_Kors_Holdings
MCHP,Microchip Technology,reports,Information Technology,Semiconductors,Chandler, Arizona,2007-09-07,0000827054,/wiki/Microchip_Technology
MU,Micron Technology,reports,Information Technology,Semiconductors,Boise, Idaho,1994-09-27,0000723125,/wiki/Micron_Technology
MSFT,Microsoft Corp.,reports,Information Technology,Systems Software,Redmond, Washington,1994-06-01,0000789019,/wiki/Microsoft_Corp.
MHK,Mohawk Industries,reports,Consumer Discretionary,Home Furnishings,Amsterdam, New York,2013-12-23,0000851968,/wiki/Mohawk_Industries
TAP,Molson Coors Brewing Company,reports,Consumer Staples,Brewers,Denver, Colorado,1976-06-30,0000024545,/wiki/Molson_Coors_Brewing_Company
MDLZ,Mondelez International,reports,Consumer Staples,Packaged Foods & Meats,Northfield, Illinois,2012-10-02,0001103982,/wiki/Mondelez
MON,Monsanto Co.,reports,Materials,Fertilizers & Agricultural Chemicals,Creve Coeur, Missouri,,0001110783,/wiki/Monsanto_Co.
MNST,Monster Beverage,reports,Consumer Staples,Soft Drinks,Corona, California,2012-06-28,0000865752,/wiki/Monster_Beverage
MCO,Moody's Corp,reports,Financials,Diversified Financial Services,New York, New York,,0001059556,/wiki/Moody%27s_Corp
MS,Morgan Stanley,reports,Financials,Investment Banking & Brokerage,New York, New York,,0000895421,/wiki/Morgan_Stanley
MOS,The Mosaic Company,reports,Materials,Fertilizers & Agricultural Chemicals,Plymouth, Minnesota,2011-09-26,0001285785,/wiki/The_Mosaic_Company
MSI,Motorola Solutions Inc.,reports,Information Technology,Telecommunications Equipment,Schaumburg, Illinois,,0000068505,/wiki/Motorola_Solutions_Inc.
MUR,Murphy Oil,reports,Energy,Integrated Oil & Gas,El Dorado, Arkansas,,0000717423,/wiki/Murphy_Oil
MYL,Mylan N.V.,reports,Health Care,Pharmaceuticals,Amsterdam, Netherlands,,0000069499,/wiki/Mylan_N.V.
NDAQ,NASDAQ OMX Group,reports,Financials,Diversified Financial Services,New York, New York,2008-10-22,0001120193,/wiki/NASDAQ_OMX_Group
NOV,National Oilwell Varco Inc.,reports,Energy,Oil & Gas Equipment & Services,Houston, Texas,,0001021860,/wiki/National_Oilwell_Varco_Inc.
NAVI,Navient,reports,Financials,Consumer Finance,Newark, Delaware,2014-05-01,0001593538,/wiki/Navient
NTAP,NetApp,reports,Information Technology,Internet Software & Services,Sunnyvale, California,,0001002047,/wiki/NetApp
NFLX,Netflix Inc.,reports,Information Technology,Internet Software & Services,Los Gatos, California,2010-12-20,0001065280,/wiki/Netflix_Inc.
NWL,Newell Rubbermaid Co.,reports,Consumer Discretionary,Housewares & Specialties,Sandy Springs, Georgia,1989-04-30,0000814453,/wiki/Newell_Rubbermaid_Co.
NFX,Newfield Exploration Co,reports,Energy,Oil & Gas Exploration & Production,Houston, Texas,2010-12-20,0000912750,/wiki/Newfield_Exploration_Co
NEM,Newmont Mining Corp. (Hldg. Co.),reports,Materials,Gold,Denver, Colorado,1969-06-30,0001164727,/wiki/Newmont_Mining_Corp._(Hldg._Co.)
NWSA,News Corp. Class A,reports,Consumer Discretionary,Publishing,New York, New York,2013-08-01,0001564708,/wiki/News_Corp._Class_A
NWS,News Corp. Class B,reports,Consumer Discretionary,Publishing,New York, New York,2013-08-01,0001564708,/wiki/News_Corp._Class_B
NEE,NextEra Energy,reports,Utilities,MultiUtilities,Juno Beach, Florida,1976-06-30,0000753308,/wiki/NextEra_Energy
NLSN,Nielsen Holdings,reports,Industrials,Research & Consulting Services,New York, New York,2013-07-09,0001492633,/wiki/Nielsen_Holdings
NKE,Nike,reports,Consumer Discretionary,Apparel, Accessories & Luxury Goods,Washington County, Oregon,1988-11-30,0000320187,/wiki/Nike_(company)
NI,NiSource Inc.,reports,Utilities,MultiUtilities,Merrillville, Indiana,,0001111711,/wiki/NiSource_Inc.
NBL,Noble Energy Inc,reports,Energy,Oil & Gas Exploration & Production,Houston, Texas,2007-10-08,0000072207,/wiki/Noble_Energy_Inc
JWN,Nordstrom,reports,Consumer Discretionary,Department Stores,Seattle, Washington,1986-08-31,0000072333,/wiki/Nordstrom
NSC,Norfolk Southern Corp.,reports,Industrials,Railroads,Norfolk, Virginia,,0000702165,/wiki/Norfolk_Southern_Corp.
NTRS,Northern Trust Corp.,reports,Financials,Asset Management & Custody Banks,Chicago, Illinois,,0000073124,/wiki/Northern_Trust_Corp.
NOC,Northrop Grumman Corp.,reports,Industrials,Aerospace & Defense,West Falls Church, Virginia,1985-06-30,0001133421,/wiki/Northrop_Grumman_Corp.
NRG,NRG Energy,reports,Utilities,Independent Power Producers & Energy Traders,Princeton, New Jersey,2010-01-29,0001013871,/wiki/NRG_Energy
NUE,Nucor Corp.,reports,Materials,Steel,Charlotte, North Carolina,1985-04-30,0000073309,/wiki/Nucor_Corp.
NVDA,Nvidia Corporation,reports,Information Technology,Semiconductors,Santa Clara, California,,0001045810,/wiki/Nvidia_Corporation
ORLY,O'Reilly Automotive,reports,Consumer Discretionary,Specialty Stores,Springfield, Missouri,2009-03-27,0000898173,/wiki/O%27Reilly_Automotive
OXY,Occidental Petroleum,reports,Energy,Oil & Gas Exploration & Production,Los Angeles, California,1982-12-31,0000797468,/wiki/Occidental_Petroleum
OMC,Omnicom Group,reports,Consumer Discretionary,Advertising,New York, New York,,0000029989,/wiki/Omnicom_Group
OKE,ONEOK,reports,Energy,Oil & Gas Exploration & Production,Tulsa, Oklahoma,2010-03-15,0001039684,/wiki/ONEOK
ORCL,Oracle Corp.,reports,Information Technology,Application Software,Redwood Shores, California,1989-08-31,0001341439,/wiki/Oracle_Corp.
OI,Owens-Illinois Inc,reports,Materials,Metal & Glass Containers,Perrysburg, Ohio,2009-01-02,0000812074,/wiki/Owens-Illinois_Inc
PCAR,PACCAR Inc.,reports,Industrials,Construction & Farm Machinery & Heavy Trucks,Bellevue, Washington,1980-12-31,0000075362,/wiki/PACCAR_Inc.
PH,Parker-Hannifin,reports,Industrials,Industrial Conglomerates,Cleveland, Ohio,1985-11-30,0000076334,/wiki/Parker-Hannifin
PDCO,Patterson Companies,reports,Health Care,Health Care Supplies,St. Paul, Minnesota,,0000891024,/wiki/Patterson_Companies
PAYX,Paychex Inc.,reports,Information Technology,Internet Software & Services,Penfield, New York,,0000723531,/wiki/Paychex_Inc.
PYPL,PayPal,reports,Information Technology,Data Processing & Outsourced Services,San Jose, California,2015-07-20,0001633917,/wiki/PayPal
PNR,Pentair Ltd.,reports,Industrials,Industrial Conglomerates,Worsley, UK,2012-10-01,0000077360,/wiki/Pentair
PBCT,People's United Financial,reports,Financials,Thrifts & Mortgage Finance,Bridgeport, Connecticut,2008-11-13,0001378946,/wiki/People%27s_United_Financial
PEP,PepsiCo Inc.,reports,Consumer Staples,Soft Drinks,Purchase, New York,,0000077476,/wiki/PepsiCo_Inc.
PKI,PerkinElmer,reports,Health Care,Health Care Equipment & Services,Waltham, Massachusetts,1985-05-31,0000031791,/wiki/PerkinElmer
PRGO,Perrigo,reports,Health Care,Pharmaceuticals,Dublin, Ireland,2011-12-19,0001585364,/wiki/Perrigo
PFE,Pfizer Inc.,reports,Health Care,Pharmaceuticals,New York, New York,,0000078003,/wiki/Pfizer_Inc.
PCG,PG&E Corp.,reports,Utilities,MultiUtilities,San Francisco, California,,0001004980,/wiki/PG%26E_Corp.
PM,Philip Morris International,reports,Consumer Staples,Tobacco,New York, New York,2008-03-31,0001413329,/wiki/Philip_Morris_International
PSX,Phillips 66,reports,Energy,Oil & Gas Refining & Marketing & Transportation,Houston, Texas,2012-05-01,0001534701,/wiki/Phillips_66
PNW,Pinnacle West Capital,reports,Utilities,MultiUtilities,Phoenix, Arizona,,0000764622,/wiki/Pinnacle_West_Capital
PXD,Pioneer Natural Resources,reports,Energy,Oil & Gas Exploration & Production,Irving, Texas,2008-09-24,0001038357,/wiki/Pioneer_Natural_Resources
PBI,Pitney-Bowes,reports,Industrials,Office Services & Supplies,Stamford, Connecticut,,0000078814,/wiki/Pitney-Bowes
PNC,PNC Financial Services,reports,Financials,Banks,Pittsburgh, Pennsylvania,1988-04-30,0000713676,/wiki/PNC_Financial_Services
RL,Polo Ralph Lauren Corp.,reports,Consumer Discretionary,Apparel, Accessories & Luxury Goods,New York, New York,2007-02-02,0001037038,/wiki/Polo_Ralph_Lauren_Corp.
PPG,PPG Industries,reports,Materials,Diversified Chemicals,Pittsburgh, Pennsylvania,,0000079879,/wiki/PPG_Industries
PPL,PPL Corp.,reports,Utilities,Electric Utilities,Allentown, Pennsylvania,,0000922224,/wiki/PPL_Corp.
PX,Praxair Inc.,reports,Materials,Industrial Gases,Danbury, Connecticut,1992-07-01,0000884905,/wiki/Praxair_Inc.
CFG,Citizens Financial Group,reports,Financials,Banks,Providence, Rhode Island,2016-01-29,0000759944,/wiki/Citizens_Financial_Group
PCLN,Priceline.com Inc,reports,Consumer Discretionary,Hotels, Resorts & Cruise Lines,Norwalk, Connecticut,2009-11-06,0001075531,/wiki/Priceline.com_Inc
PFG,Principal Financial Group,reports,Financials,Diversified Financial Services,Des Moines, Iowa,,0001126328,/wiki/Principal_Financial_Group
PG,Procter & Gamble,reports,Consumer Staples,Personal Products,Cincinnati, Ohio,,0000080424,/wiki/Procter_%26_Gamble
PGR,Progressive Corp.,reports,Financials,Property & Casualty Insurance,Mayfield Village, Ohio,,0000080661,/wiki/Progressive_Corp.
PLD,Prologis,reports,Financials,Diversified Financial Services,San Francisco, California,,0001045609,/wiki/Prologis
PRU,Prudential Financial,reports,Financials,Diversified Financial Services,Newark, New Jersey,,0001137774,/wiki/Prudential_Financial
PEG,Public Serv. Enterprise Inc.,reports,Utilities,Electric Utilities,Newark, New Jersey,,0000788784,/wiki/Public_Serv._Enterprise_Inc.
PSA,Public Storage,reports,Financials,REITs,Glendale, California,,0001393311,/wiki/Public_Storage
PHM,Pulte Homes Inc.,reports,Consumer Discretionary,Homebuilding,Atlanta, Georgia,1984-04-30,0000822416,/wiki/Pulte_Homes_Inc.
PVH,PVH Corp.,reports,Consumer Discretionary,Apparel, Accessories & Luxury Goods,New York, New York,2013-02-15,0000078239,/wiki/PVH_Corp.
QRVO,Qorvo,reports,Information Technology,Semiconductors,Hillsboro, Oregon,2015-06-11,0001604778,/wiki/Qorvo
PWR,Quanta Services Inc.,reports,Industrials,Industrial Conglomerates,Houston, Texas,2009-07-01,0001050915,/wiki/Quanta_Services_Inc.
QCOM,QUALCOMM Inc.,reports,Information Technology,Semiconductors,San Diego, California,,0000804328,/wiki/QUALCOMM_Inc.
DGX,Quest Diagnostics,reports,Health Care,Health Care Facilities,Madison, New Jersey,,0001022079,/wiki/Quest_Diagnostics
RRC,Range Resources Corp.,reports,Energy,Oil & Gas Exploration & Production,Fort Worth, Texas,2007-12-21,0000315852,/wiki/Range_Resources
RTN,Raytheon Co.,reports,Industrials,Aerospace & Defense,Waltham, Massachusetts,,0001047122,/wiki/Raytheon_Co.
O,Realty Income Corporation,reports,Financials,REITs,San Diego, California,2015-04-07,0000726728,/wiki/Realty_Income_Corporation
RHT,Red Hat Inc.,reports,Information Technology,Systems Software,Raleigh, North Carolina,2009-07-27,0001087423,/wiki/Red_Hat_Inc.
REGN,Regeneron,reports,Health Care,Biotechnology,Tarrytown, New York,2013-05-01,0000872589,/wiki/Regeneron
RF,Regions Financial Corp.,reports,Financials,Diversified Financial Services,Birmingham, Alabama,,0001281761,/wiki/Regions_Financial_Corp.
RSG,Republic Services Inc,reports,Industrials,Industrial Conglomerates,Phoenix, Arizona,2008-12-05,0001060391,/wiki/Republic_Services_Inc
RAI,Reynolds American Inc.,reports,Consumer Staples,Tobacco,Winston-Salem, North Carolina,,0001275283,/wiki/Reynolds_American_Inc.
RHI,Robert Half International,reports,Industrials,Human Resource & Employment Services,Menlo Park, California,,0000315213,/wiki/Robert_Half_International
ROK,Rockwell Automation Inc.,reports,Industrials,Industrial Conglomerates,Milwaukee, Wisconsin,,0001024478,/wiki/Rockwell_Automation_Inc.
COL,Rockwell Collins,reports,Industrials,Industrial Conglomerates,Cedar Rapids, Iowa,,0001137411,/wiki/Rockwell_Collins
ROP,Roper Industries,reports,Industrials,Industrial Conglomerates,Sarasota, Florida,2009-12-23,0000882835,/wiki/Roper_Industries
ROST,Ross Stores,reports,Consumer Discretionary,Apparel Retail,Pleasanton, California,2009-12-21,0000745732,/wiki/Ross_Stores
RCL,Royal Caribbean Cruises Ltd,reports,Consumer Discretionary,Hotels, Resorts & Cruise Lines,Miami, Florida,2014-12-05,0000884887,/wiki/Royal_Caribbean_Cruises_Ltd
R,Ryder System,reports,Industrials,Industrial Conglomerates,Miami, Florida,1982-12-31,0000085961,/wiki/Ryder_System
CRM,Salesforce.com,reports,Information Technology,Internet Software & Services,San Francisco, California,2008-09-15,0001108524,/wiki/Salesforce.com
SNDK,SanDisk Corporation,reports,Information Technology,Computer Storage & Peripherals,Milpitas, California,,0001000180,/wiki/SanDisk_Corporation
SCG,SCANA Corp,reports,Utilities,MultiUtilities,Cayce, South Carolina,2009-01-02,0000754737,/wiki/SCANA_Corp
SLB,Schlumberger Ltd.,reports,Energy,Oil & Gas Equipment & Services,Cura\xe7ao, Kingdom of the Netherlands,1965-03-31,0000087347,/wiki/Schlumberger_Ltd.
SNI,Scripps Networks Interactive Inc.,reports,Consumer Discretionary,Broadcasting & Cable TV,Cincinnati, Ohio,2008-07-01,0001430602,/wiki/Scripps_Networks_Interactive_Inc.
STX,Seagate Technology,reports,Information Technology,Computer Storage & Peripherals,Dublin, Ireland,2012-07-02,0001137789,/wiki/Seagate_Technology
SEE,Sealed Air Corp.(New),reports,Materials,Paper Packaging,Elmwood Park, New Jersey,,0001012100,/wiki/Sealed_Air_Corp.(New)
SRE,Sempra Energy,reports,Utilities,MultiUtilities,San Diego, California,,0001032208,/wiki/Sempra_Energy
SHW,Sherwin-Williams,reports,Materials,Specialty Chemicals,Cleveland, Ohio,1964-06-30,0000089800,/wiki/Sherwin-Williams
SIG,Signet Jewelers,reports,Consumer Discretionary,Specialty Stores,Hamilton, Bermuda,2015-07-29,0000832988,/wiki/Signet_Jewelers
SPG,Simon Property Group Inc,reports,Financials,REITs,Indianapolis, Indiana,,0001063761,/wiki/Simon_Property_Group_Inc
SWKS,Skyworks Solutions,reports,Information Technology,Semiconductors,Woburn, Massachusetts,2015-03-12,0000004127,/wiki/Skyworks_Solutions
SLG,SL Green Realty,reports,Financials,Office REITs,New York, New York,2015-03-20,0001040971,/wiki/SL_Green_Realty
SJM,Smucker (J.M.),reports,Consumer Staples,Packaged Foods & Meats,Orrville, Ohio,2008-11-06,0000091419,/wiki/Smucker_(J.M.)
SNA,Snap-On Inc.,reports,Consumer Discretionary,Household Appliances,Kenosha, Wisconsin,1982-09-30,0000091440,/wiki/Snap-On_Inc.
SO,Southern Co.,reports,Utilities,Electric Utilities,Atlanta, Georgia,,0000092122,/wiki/Southern_Co.
LUV,Southwest Airlines,reports,Industrials,Airlines,Dallas, Texas,1994-07-01,0000092380,/wiki/Southwest_Airlines
SWN,Southwestern Energy,reports,Energy,Oil & Gas Exploration & Production,Houston, Texas[6],2008-06-06,0000007332,/wiki/Southwestern_Energy
SE,Spectra Energy Corp.,reports,Energy,Oil & Gas Refining & Marketing & Transportation,Houston, Texas,,0001373835,/wiki/Spectra_Energy_Corp.
STJ,St Jude Medical,reports,Health Care,Health Care Equipment & Services,Little Canada, Minnesota,1989-11-30,0000203077,/wiki/St_Jude_Medical
SWK,Stanley Black & Decker,reports,Consumer Discretionary,Household Appliances,New Britain, Connecticut,1982-09-30,0000093556,/wiki/Stanley_Black_%26_Decker
SPLS,Staples Inc.,reports,Consumer Discretionary,Specialty Stores,Framingham, Massachusetts,,0000791519,/wiki/Staples_Inc.
SBUX,Starbucks Corp.,reports,Consumer Discretionary,Restaurants,Seattle, Washington,,0000829224,/wiki/Starbucks_Corp.
HOT,Starwood Hotels & Resorts,reports,Consumer Discretionary,Hotels, Resorts & Cruise Lines,White Plains, New York,,0000316206,/wiki/Starwood_Hotels_%26_Resorts
STT,State Street Corp.,reports,Financials,Diversified Financial Services,Boston, Massachusetts,,0000093751,/wiki/State_Street_Corp.
SRCL,Stericycle Inc,reports,Industrials,Industrial Conglomerates,Lake Forest, Illinois,2008-11-19,0000861878,/wiki/Stericycle_Inc
SYK,Stryker Corp.,reports,Health Care,Health Care Equipment & Services,Kalamazoo, Michigan,,0000310764,/wiki/Stryker_Corp.
STI,SunTrust Banks,reports,Financials,Banks,Atlanta, Georgia,1988-05-31,0000750556,/wiki/SunTrust_Banks
SYMC,Symantec Corp.,reports,Information Technology,Application Software,Mountain View, California,,0000849399,/wiki/Symantec_Corp.
SYF,Synchrony Financial,reports,Financials,Consumer Finance,Stamford, Connecticut,2015-11-18,0001601712,/wiki/Synchrony_Financial
SYY,Sysco Corp.,reports,Consumer Staples,Food Distributors,Houston, Texas,1986-12-31,0000096021,/wiki/Sysco_Corp.
TROW,T. Rowe Price Group,reports,Financials,Diversified Financial Services,Baltimore, Maryland,,0001113169,/wiki/T._Rowe_Price_Group
TGT,Target Corp.,reports,Consumer Discretionary,General Merchandise Stores,Minneapolis, Minnesota,1976-12-31,0000027419,/wiki/Target_Corp.
TEL,TE Connectivity Ltd.,reports,Information Technology,Electronic Equipment & Instruments,Schaffhausen, Switzerland,2011-10-17,0001385157,/wiki/TE_Connectivity
TE,TECO Energy,reports,Utilities,Electric Utilities,Tampa, Florida,,0000350563,/wiki/TECO_Energy
TGNA,Tegna,reports,Consumer Discretionary,Publishing,McLean, Virginia,1975-12-31,0000039899,/wiki/Gannett_Co.
THC,Tenet Healthcare Corp.,reports,Health Care,Health Care Facilities,Dallas, Texas,1979-03-31,0000070318,/wiki/Tenet_Healthcare_Corp.
TDC,Teradata Corp.,reports,Information Technology,Application Software,Miamisburg, Ohio,2007-10-01,0000816761,/wiki/Teradata_Corp.
TSO,Tesoro Petroleum Co.,reports,Energy,Oil & Gas Refining & Marketing & Transportation,San Antonio, Texas,2007-09-27,0000050104,/wiki/Tesoro_Petroleum_Co.
TXN,Texas Instruments,reports,Information Technology,Semiconductors,Dallas, Texas,,0000097476,/wiki/Texas_Instruments
TXT,Textron Inc.,reports,Industrials,Industrial Conglomerates,Providence, Rhode Island,1978-12-31,0000217346,/wiki/Textron_Inc.
HSY,The Hershey Company,reports,Consumer Staples,Packaged Foods & Meats,Hershey, Pennsylvania,,0000047111,/wiki/The_Hershey_Company
TRV,The Travelers Companies Inc.,reports,Financials,Property & Casualty Insurance,New York, New York,,0000086312,/wiki/The_Travelers_Companies_Inc.
TMO,Thermo Fisher Scientific,reports,Health Care,Health Care Equipment & Services,Waltham, Massachusetts,,0000097745,/wiki/Thermo_Fisher_Scientific
TIF,Tiffany & Co.,reports,Consumer Discretionary,Apparel, Accessories & Luxury Goods,New York, New York,,0000098246,/wiki/Tiffany_%26_Co.
TWX,Time Warner Inc.,reports,Consumer Discretionary,Broadcasting & Cable TV,New York, New York,,0001105705,/wiki/Time_Warner_Inc.
TWC,Time Warner Cable Inc.,reports,Consumer Discretionary,Broadcasting & Cable TV,New York, New York,2009-03-30,0001377013,/wiki/Time_Warner_Cable_Inc.
TJX,TJX Companies Inc.,reports,Consumer Discretionary,Apparel Retail,Framingham, Massachusetts,1985-09-30,0000109198,/wiki/TJX_Companies_Inc.
TMK,Torchmark Corp.,reports,Financials,Life & Health Insurance,McKinney, Texas,1989-04-30,0000320335,/wiki/Torchmark_Corp.
TSS,Total System Services,reports,Information Technology,Internet Software & Services,Columbus, Georgia,2008-01-02,0000721683,/wiki/Total_System_Services
TSCO,Tractor Supply Company,reports,Consumer Discretionary,Specialty Retail,Brentwood, Tennessee,2014-01-24,0000916365,/wiki/Tractor_Supply_Company
RIG,Transocean,reports,Energy,Oil & Gas Drilling,Vernier, Switzerland,2013-10-29,0001451505,/wiki/Transocean
TRIP,TripAdvisor,reports,Consumer Discretionary,Internet Retail,Newton, Massachusetts,2011-12-21,0001526520,/wiki/TripAdvisor
FOXA,Twenty-First Century Fox Class A,reports,Consumer Discretionary,Publishing,New York, New York,2013-07-01,0001308161,/wiki/Twenty-First_Century_Fox_Class_A
FOX,Twenty-First Century Fox Class B,reports,Consumer Discretionary,Publishing,New York, New York,2013-07-01,0001308161,/wiki/Twenty-First_Century_Fox_Class_B
TSN,Tyson Foods,reports,Consumer Staples,Packaged Foods & Meats,Springdale, Arkansas,,0000100493,/wiki/Tyson_Foods
TYC,Tyco International,reports,Industrials,Industrial Conglomerates,Schaffhausen, Switzerland,2010-08-27,0000833444,/wiki/Tyco_International
UDR,UDR Inc,reports,Financials,Residential REITs,Highlands Ranch, Colorado,2016-03-07,0000074208,/w/index.php?title=UDR_Inc&action=edit&redlink=1
USB,U.S. Bancorp,reports,Financials,Banks,Minneapolis, Minnesota,,0000036104,/wiki/U.S._Bancorp
UA,Under Armour,reports,Consumer Discretionary,Apparel, Accessories & Luxury Goods,Baltimore, Maryland,2014-05-01,0001336917,/wiki/Under_Armour
UNP,Union Pacific,reports,Industrials,Railroads,Omaha, Nebraska,,0000100885,/wiki/Union_Pacific
UAL,United Continental Holdings,reports,Industrials,Airlines,Chicago, Illinois,2015-09-03,0000100517,/wiki/United_Continental_Holdings
UNH,United Health Group Inc.,reports,Health Care,Managed Health Care,Minnetonka, Minnesota,1994-07-01,0000731766,/wiki/United_Health_Group_Inc.
UPS,United Parcel Service,reports,Industrials,Air Freight & Logistics,Atlanta, Georgia,,0001090727,/wiki/United_Parcel_Service
URI,United Rentals, Inc.,reports,Industrials,Trading Companies & Distributors,Stamford, Connecticut,2014-09-20,0001067701,/wiki/United_Rentals
UTX,United Technologies,reports,Industrials,Industrial Conglomerates,Hartford, Connecticut,,0000101829,/wiki/United_Technologies
UHS,Universal Health Services, Inc.,reports,Health Care,Health Care Facilities,King of Prussia, Pennsylvania,2014-09-20,0000352915,/wiki/Universal_Health_Services
UNM,Unum Group,reports,Financials,Diversified Financial Services,Chattanooga, Tennessee,1994-03-01,0000005513,/wiki/Unum_Group
URBN,Urban Outfitters,reports,Consumer Discretionary,Apparel Retail,Philadelphia, Pennsylvania,2010-02-08,0000912615,/wiki/Urban_Outfitters
VFC,V.F. Corp.,reports,Consumer Discretionary,Apparel, Accessories & Luxury Goods,Greensboro, North Carolina,1979-06-30,0000103379,/wiki/V.F._Corp.
VLO,Valero Energy,reports,Energy,Oil & Gas Refining & Marketing & Transportation,San Antonio, Texas,,0001035002,/wiki/Valero_Energy
VAR,Varian Medical Systems,reports,Health Care,Health Care Equipment & Services,Palo Alto, California,2007-02-12,0000203527,/wiki/Varian_Medical_Systems
VTR,Ventas Inc,reports,Financials,Diversified Financial Services,Chicago, Illinois,2009-03-04,0000740260,/wiki/Ventas_Inc
VRSN,Verisign Inc.,reports,Information Technology,Internet Software & Services,Dulles, Virginia,,0001014473,/wiki/Verisign_Inc.
VRSK,Verisk Analytics,reports,Industrials,Research & Consulting Services,Jersey City, New Jersey,2015-10-08,0001442145,/wiki/Verisk_Analytics
VZ,Verizon Communications,reports,Telecommunications Services,Integrated Telecommunications Services,New York, New York,1983-11-30,0000732712,/wiki/Verizon_Communications
VRTX,Vertex Pharmaceuticals Inc,reports,Health Care,Biotechnology,Cambridge, Massachusetts,2013-09-23,0000875320,/wiki/Vertex_Pharmaceuticals
VIAB,Viacom Inc.,reports,Consumer Discretionary,Broadcasting & Cable TV,New York, New York,,0001339947,/wiki/Viacom_Inc.
V,Visa Inc.,reports,Information Technology,Internet Software & Services,San Francisco, California,2009-12-21,0001403161,/wiki/Visa_Inc.
VNO,Vornado Realty Trust,reports,Financials,REITs,New York, New York,,0000899689,/wiki/Vornado_Realty_Trust
VMC,Vulcan Materials,reports,Materials,Construction Materials,Birmingham, Alabama,,0001396009,/wiki/Vulcan_Materials
WMT,Wal-Mart Stores,reports,Consumer Staples,Hypermarkets & Super Centers,Bentonville, Arkansas,1982-08-31,0000104169,/wiki/Wal-Mart_Stores
WBA,Walgreens Boots Alliance,reports,Consumer Staples,Drug Retail,Deerfield, Illinois,1979-12-31,0001618921,/wiki/Walgreens_Boots_Alliance
DIS,The Walt Disney Company,reports,Consumer Discretionary,Broadcasting & Cable TV,Burbank, California,1976-06-30,0001001039,/wiki/The_Walt_Disney_Company
WM,Waste Management Inc.,reports,Industrials,Environmental Services,Houston, Texas,,0000823768,/wiki/Waste_Management_Inc.
WAT,Waters Corporation,reports,Health Care,Health Care Distributors & Services,Milford, Massachusetts,,0001000697,/wiki/Waters_Corporation
ANTM,Anthem Inc.,reports,Health Care,Managed Health Care,Indianapolis, Indiana,,0001156039,/wiki/Anthem_Inc.
WFC,Wells Fargo,reports,Financials,Banks,San Francisco, California,1976-06-30,0000072971,/wiki/Wells_Fargo
HCN,Welltower Inc.,reports,Financials,REITs,Toledo, Ohio,2009-01-30,0000766704,/wiki/Welltower_Inc.
WDC,Western Digital,reports,Information Technology,Computer Storage & Peripherals,Irvine, California,2009-07-01,0000106040,/wiki/Western_Digital
WU,Western Union Co,reports,Information Technology,Internet Software & Services,Englewood, Colorado,,0001365135,/wiki/Western_Union_Co
WY,Weyerhaeuser Corp.,reports,Financials,REITs,Federal Way, Washington,,0000106535,/wiki/Weyerhaeuser_Corp.
WHR,Whirlpool Corp.,reports,Consumer Discretionary,Household Appliances,Benton Harbor, Michigan,,0000106640,/wiki/Whirlpool_Corp.
WFM,Whole Foods Market,reports,Consumer Staples,Food Retail,Austin, Texas,,0000865436,/wiki/Whole_Foods_Market
WMB,Williams Cos.,reports,Energy,Oil & Gas Exploration & Production,Tulsa, Oklahoma,1975-03-31,0000107263,/wiki/Williams_Cos.
WLTW,Willis Towers Watson,reports,Financials,Insurance Brokers,London, United Kingdom,2016-01-05,0001140536,/wiki/Willis_Group
WEC,Wisconsin Energy Corporation,reports,Utilities,Electric Utilities,Milwaukee, Wisconsin,2008-10-31,0000783325,/wiki/Wisconsin_Energy_Corporation
WYN,Wyndham Worldwide,reports,Consumer Discretionary,Hotels, Resorts & Cruise Lines,Parsippany, New Jersey,,0001361658,/wiki/Wyndham_Worldwide
WYNN,Wynn Resorts Ltd,reports,Consumer Discretionary,Casinos & Gaming,Las Vegas, Nevada,2008-11-14,0001174922,/wiki/Wynn_Resorts_Ltd
XEL,Xcel Energy Inc,reports,Utilities,MultiUtilities,Minneapolis, Minnesota,,0000072903,/wiki/Xcel_Energy_Inc
XRX,Xerox Corp.,reports,Information Technology,IT Consulting & Services,Norwalk, Connecticut,,0000108772,/wiki/Xerox_Corp.
XLNX,Xilinx Inc,reports,Information Technology,Semiconductors,San Jose, California,,0000743988,/wiki/Xilinx_Inc
XL,XL Capital,reports,Financials,Property & Casualty Insurance,Hamilton, Bermuda,,0000875159,/wiki/XL_Capital
XYL,Xylem Inc.,reports,Industrials,Industrial Conglomerates,White Plains, New York,2011-11-01,0001524472,/wiki/Xylem_Inc.
YHOO,Yahoo Inc.,reports,Information Technology,Internet Software & Services,Sunnyvale, California,,0001011006,/wiki/Yahoo_Inc.
YUM,Yum! Brands Inc,reports,Consumer Discretionary,Restaurants,Louisville, Kentucky,,0001041061,/wiki/Yum!_Brands_Inc
ZBH,Zimmer Biomet Holdings,reports,Health Care,Health Care Equipment & Services,Warsaw, Indiana,,0001136869,/wiki/Zimmer_Holdings
ZION,Zions Bancorp,reports,Financials,Banks,Salt Lake City, Utah,,0000109380,/wiki/Zions_Bancorp
ZTS,Zoetis,reports,Health Care,Pharmaceuticals,Florham Park, New Jersey,2013-06-21,0001555280,/wiki/Zoetis
